{
  "id": "outdoor_sky_DSC053601",
  "compat": {
    "jaccard": 0.2,
    "explainable_tgt_frac": 0.416,
    "shared_classes": [
      "sky"
    ],
    "suitable": true
  },
  "legacy_v0": {
    "fg_bg_luma_change_diff": 17.792221069335938,
    "fg_bg_tone_direction_cos": 0.43740013241767883,
    "neutral_vs_bg_change_ratio": 0.05347065988412085,
    "boundary_delta_e_p95": 26.250232696533203,
    "boundary_delta_e_p99": 29.627397537231445,
    "skin_hue_drift_deg": 7.9001240730285645,
    "highlight_clip_frac": 0.156128287664956,
    "shadow_clip_frac": 0.23921915093475074,
    "region_max_delta_e_p95": {
      "neutral": 16.806102752685547,
      "sky": 36.11653137207031
    },
    "region_pair_confidence": {
      "sky": 1.0
    }
  },
  "legacy_v0_flags": [
    "fg_bg_luma_change_diff>15 (前后景明暗变化差异大)",
    "boundary_delta_e_p99>25 (边界可能有光晕)",
    "highlight_clip_frac>5% (高光裁剪偏多)"
  ],
  "coherence_v1": {
    "fg_bg_luma_change_diff": 3.9530978202819824,
    "fg_bg_tone_direction_cos": 0.9992184042930603,
    "neutral_vs_bg_change_ratio": 0.17359375451212056,
    "boundary_delta_e_p95": 16.96198081970215,
    "boundary_delta_e_p99": 21.11911392211914,
    "skin_hue_drift_deg": 6.378015041351318,
    "highlight_clip_frac": 0.4719359993585044,
    "shadow_clip_frac": 0.013116293988269795,
    "region_max_delta_e_p95": {
      "neutral": 17.620500564575195,
      "sky": 13.850191116333008
    },
    "region_pair_confidence": {
      "sky": 1.0
    }
  },
  "coherence_v1_flags": [
    "highlight_clip_frac>5% (高光裁剪偏多)"
  ]
}