{
  "id": "outdoor_sky_DSC040851",
  "compat": {
    "jaccard": 0.333,
    "explainable_tgt_frac": 0.448,
    "shared_classes": [
      "building",
      "sky"
    ],
    "suitable": true
  },
  "legacy_v0": {
    "fg_bg_luma_change_diff": 6.961963653564453,
    "fg_bg_tone_direction_cos": 0.9997147917747498,
    "neutral_vs_bg_change_ratio": 0.06718125928470103,
    "boundary_delta_e_p95": 24.766542434692383,
    "boundary_delta_e_p99": 37.989479064941406,
    "skin_hue_drift_deg": 6.606947422027588,
    "highlight_clip_frac": 0.22806170958577712,
    "shadow_clip_frac": 0.14405012829912023,
    "region_max_delta_e_p95": {
      "neutral": 16.2213134765625,
      "sky": 27.679954528808594,
      "building": 48.20354461669922
    },
    "region_pair_confidence": {
      "sky": 1.0,
      "building": 0.2761474609375
    }
  },
  "legacy_v0_flags": [
    "boundary_delta_e_p99>25 (边界可能有光晕)",
    "highlight_clip_frac>5% (高光裁剪偏多)"
  ],
  "coherence_v1": {
    "fg_bg_luma_change_diff": 1.6401848793029785,
    "fg_bg_tone_direction_cos": 0.9868377447128296,
    "neutral_vs_bg_change_ratio": 0.2209819574106884,
    "boundary_delta_e_p95": 15.558719635009766,
    "boundary_delta_e_p99": 20.355926513671875,
    "skin_hue_drift_deg": 6.714814186096191,
    "highlight_clip_frac": 0.3021200856854839,
    "shadow_clip_frac": 0.01310483870967742,
    "region_max_delta_e_p95": {
      "neutral": 15.509674072265625,
      "sky": 14.0855073928833,
      "building": 14.118709564208984
    },
    "region_pair_confidence": {
      "sky": 1.0,
      "building": 0.2761474609375
    }
  },
  "coherence_v1_flags": [
    "highlight_clip_frac>5% (高光裁剪偏多)"
  ]
}