{
  "id": "outdoor_sky_DAP031701_r2",
  "compat": {
    "jaccard": 0.429,
    "explainable_tgt_frac": 0.921,
    "shared_classes": [
      "clothing",
      "screen"
    ],
    "suitable": true
  },
  "legacy_v0": {
    "fg_bg_luma_change_diff": 28.411705017089844,
    "fg_bg_tone_direction_cos": -0.8284094333648682,
    "neutral_vs_bg_change_ratio": 5.1087949345002945,
    "boundary_delta_e_p95": 63.10465621948242,
    "boundary_delta_e_p99": 68.5252914428711,
    "skin_hue_drift_deg": 2.254319667816162,
    "highlight_clip_frac": 0.6948499931268328,
    "shadow_clip_frac": 0.0008290757881231672,
    "region_max_delta_e_p95": {
      "screen": 28.708951950073242,
      "neutral": 21.901554107666016,
      "clothing": 71.4061279296875
    },
    "region_pair_confidence": {
      "screen": 1.0,
      "clothing": 0.0
    }
  },
  "legacy_v0_flags": [
    "fg_bg_luma_change_diff>15 (前后景明暗变化差异大)",
    "fg_bg_tone_direction_cos<0 (前后景色调朝相反方向变化)",
    "boundary_delta_e_p99>25 (边界可能有光晕)",
    "highlight_clip_frac>5% (高光裁剪偏多)"
  ],
  "coherence_v1": {
    "fg_bg_luma_change_diff": 6.107909679412842,
    "fg_bg_tone_direction_cos": -0.9816443920135498,
    "neutral_vs_bg_change_ratio": 0.716458707659315,
    "boundary_delta_e_p95": 14.817046165466309,
    "boundary_delta_e_p99": 18.98900604248047,
    "skin_hue_drift_deg": 3.946315288543701,
    "highlight_clip_frac": 0.550779818090176,
    "shadow_clip_frac": 0.0830536336143695,
    "region_max_delta_e_p95": {
      "screen": 14.711915016174316,
      "neutral": 12.709884643554688,
      "clothing": 7.305375099182129
    },
    "region_pair_confidence": {
      "screen": 1.0,
      "clothing": 0.0
    }
  },
  "coherence_v1_flags": [
    "fg_bg_tone_direction_cos<0 (前后景色调朝相反方向变化)",
    "highlight_clip_frac>5% (高光裁剪偏多)"
  ]
}