{
  "id": "outdoor_sky_058A1908_r2",
  "compat": {
    "jaccard": 0.444,
    "explainable_tgt_frac": 0.715,
    "shared_classes": [
      "clothing",
      "floor",
      "sky"
    ],
    "suitable": true
  },
  "legacy_v0": {
    "fg_bg_luma_change_diff": 29.04144859313965,
    "fg_bg_tone_direction_cos": 0.7784537672996521,
    "neutral_vs_bg_change_ratio": 0.16833833678241952,
    "boundary_delta_e_p95": 46.02928161621094,
    "boundary_delta_e_p99": 61.48073959350586,
    "skin_hue_drift_deg": 8.777338981628418,
    "highlight_clip_frac": 0.2012805408125915,
    "shadow_clip_frac": 0.15212927800146414,
    "region_max_delta_e_p95": {
      "neutral": 19.0976505279541,
      "sky": 30.932941436767578,
      "floor": 60.91746139526367,
      "clothing": 81.33656311035156
    },
    "region_pair_confidence": {
      "sky": 1.0,
      "floor": 0.0,
      "clothing": 0.8743487040201823
    }
  },
  "legacy_v0_flags": [
    "fg_bg_luma_change_diff>15 (前后景明暗变化差异大)",
    "boundary_delta_e_p99>25 (边界可能有光晕)",
    "highlight_clip_frac>5% (高光裁剪偏多)"
  ],
  "coherence_v1": {
    "fg_bg_luma_change_diff": 5.652608871459961,
    "fg_bg_tone_direction_cos": 0.7469364404678345,
    "neutral_vs_bg_change_ratio": 0.21616255152469635,
    "boundary_delta_e_p95": 21.30573844909668,
    "boundary_delta_e_p99": 24.80746841430664,
    "skin_hue_drift_deg": 6.63917875289917,
    "highlight_clip_frac": 0.28845196971083453,
    "shadow_clip_frac": 0.005085845991947291,
    "region_max_delta_e_p95": {
      "neutral": 20.491498947143555,
      "sky": 19.206424713134766,
      "floor": 12.863818168640137,
      "clothing": 18.019107818603516
    },
    "region_pair_confidence": {
      "sky": 1.0,
      "floor": 0.0,
      "clothing": 0.8743487040201823
    }
  },
  "coherence_v1_flags": [
    "highlight_clip_frac>5% (高光裁剪偏多)"
  ]
}