{
  "name": "DAP02456(1)",
  "size": [
    1024,
    682
  ],
  "classes": {
    "clothing": {
      "frac": 0.0324,
      "mean_ab": [
        5.030946731567383,
        -2.2727432250976562
      ],
      "std_ab": [
        2.100658416748047,
        2.3561489582061768
      ],
      "l_lo": 60.05449691772461,
      "l_hi": 85.62085723876953,
      "l_mean": 75.27692413330078,
      "c_std": 3.1566126346588135,
      "h_mean": -0.42431044578552246
    },
    "screen": {
      "frac": 0.5433,
      "mean_ab": [
        -7.65128755569458,
        -21.41246223449707
      ],
      "std_ab": [
        11.12379264831543,
        12.930087089538574
      ],
      "l_lo": 50.5075,
      "l_hi": 88.75655944824214,
      "l_mean": 78.74510955810547,
      "c_std": 17.056550979614258,
      "h_mean": -1.9139851331710815
    },
    "building": {
      "frac": 0.8945,
      "mean_ab": [
        -6.2574286460876465,
        -17.98478889465332
      ],
      "std_ab": [
        9.050514221191406,
        12.100004196166992
      ],
      "l_lo": 19.390291366577145,
      "l_hi": 87.75953674316406,
      "l_mean": 74.22625732421875,
      "c_std": 15.11032485961914,
      "h_mean": -1.9056248664855957
    },
    "stage backdrop": {
      "frac": 0.175,
      "mean_ab": [
        -2.501972198486328,
        -6.3616533279418945
      ],
      "std_ab": [
        1.034955382347107,
        1.2279410362243652
      ],
      "l_lo": 10.514772415161133,
      "l_hi": 84.05561065673828,
      "l_mean": 67.87350463867188,
      "c_std": 1.6059178113937378,
      "h_mean": -1.9455045461654663
    },
    "floor": {
      "frac": 0.0165,
      "mean_ab": [
        -0.3311111330986023,
        -4.647767066955566
      ],
      "std_ab": [
        0.8502768278121948,
        1.1321384906768799
      ],
      "l_lo": 6.554283142089844,
      "l_hi": 44.05608673095702,
      "l_mean": 16.819543838500977,
      "c_std": 1.4158772230148315,
      "h_mean": -1.641917109489441
    },
    "sky": {
      "frac": 0.0987,
      "mean_ab": [
        -8.273784637451172,
        -24.65843391418457
      ],
      "std_ab": [
        1.5346978902816772,
        2.081000566482544
      ],
      "l_lo": 60.895743408203124,
      "l_hi": 78.48822021484375,
      "l_mean": 72.37312316894531,
      "c_std": 2.585703134536743,
      "h_mean": -1.8945276737213135
    },
    "neutral": {
      "frac": 0.0585,
      "mean_ab": [
        -0.19247755408287048,
        -4.380776405334473
      ],
      "std_ab": [
        5.458897590637207,
        6.637355327606201
      ],
      "l_lo": 16.861368560791014,
      "l_hi": 88.9101333618164,
      "l_mean": 65.19346618652344,
      "c_std": 8.59383773803711,
      "h_mean": -1.614704966545105
    }
  }
}