{
  "id": "person_event_058A1518",
  "compat": {
    "jaccard": 0.429,
    "explainable_tgt_frac": 0.259,
    "shared_classes": [
      "skin",
      "sky"
    ],
    "suitable": true
  },
  "legacy_v0": {
    "fg_bg_luma_change_diff": 5.022104263305664,
    "fg_bg_tone_direction_cos": -0.08881241083145142,
    "neutral_vs_bg_change_ratio": 7.144669262685726,
    "boundary_delta_e_p95": 97.48875427246094,
    "boundary_delta_e_p99": 99.70555114746094,
    "skin_hue_drift_deg": 12.054178237915039,
    "highlight_clip_frac": 0.26071931048682284,
    "shadow_clip_frac": 0.2379638314421669,
    "region_max_delta_e_p95": {
      "neutral": 20.619932174682617,
      "sky": 1.0665735006332397,
      "skin": 16.0488338470459
    },
    "region_pair_confidence": {
      "sky": 1.0
    }
  },
  "legacy_v0_flags": [
    "fg_bg_tone_direction_cos<0 (前后景色调朝相反方向变化)",
    "boundary_delta_e_p99>25 (边界可能有光晕)",
    "highlight_clip_frac>5% (高光裁剪偏多)"
  ],
  "coherence_v1": {
    "fg_bg_luma_change_diff": 2.2213780879974365,
    "fg_bg_tone_direction_cos": -0.02373136393725872,
    "neutral_vs_bg_change_ratio": 4.815467662028947,
    "boundary_delta_e_p95": 16.01896858215332,
    "boundary_delta_e_p99": 19.805383682250977,
    "skin_hue_drift_deg": 4.47356653213501,
    "highlight_clip_frac": 0.27990311584919475,
    "shadow_clip_frac": 0.13455973188140558,
    "region_max_delta_e_p95": {
      "neutral": 16.11410140991211,
      "sky": 0.35614675283432007,
      "skin": 13.437860488891602
    },
    "region_pair_confidence": {
      "sky": 1.0
    }
  },
  "coherence_v1_flags": [
    "fg_bg_tone_direction_cos<0 (前后景色调朝相反方向变化)",
    "highlight_clip_frac>5% (高光裁剪偏多)"
  ]
}