{
  "name": "difficult",
  "size": [
    682,
    1024
  ],
  "classes": {
    "wall": {
      "frac": 0.2077,
      "mean_ab": [
        -0.6763212084770203,
        -3.8682963848114014
      ],
      "std_ab": [
        0.7068862915039062,
        1.88551926612854
      ],
      "l_lo": 1.7057743072509766,
      "l_hi": 5.775548934936523,
      "l_mean": 4.257648944854736,
      "c_std": 2.0136711597442627,
      "h_mean": -1.7438838481903076
    },
    "neutral": {
      "frac": 0.7911,
      "mean_ab": [
        -0.878344714641571,
        -1.0205665826797485
      ],
      "std_ab": [
        2.7345268726348877,
        9.88784408569336
      ],
      "l_lo": 0.5296173095703125,
      "l_hi": 73.08087921142578,
      "l_mean": 16.33975601196289,
      "c_std": 10.259000778198242,
      "h_mean": -2.281437635421753
    }
  }
}