{
  "name": "person_event",
  "size": [
    1024,
    683
  ],
  "classes": {
    "skin": {
      "frac": 0.1084,
      "mean_ab": [
        11.919828414916992,
        2.5638649463653564
      ],
      "std_ab": [
        4.458583831787109,
        5.258078575134277
      ],
      "l_lo": 18.355384216308597,
      "l_hi": 91.21380157470702,
      "l_mean": 51.725608825683594,
      "c_std": 6.893936634063721,
      "h_mean": 0.21186451613903046
    },
    "building": {
      "frac": 0.0156,
      "mean_ab": [
        1.4331185817718506,
        -3.695164680480957
      ],
      "std_ab": [
        3.7328999042510986,
        8.919755935668945
      ],
      "l_lo": 26.890295867919924,
      "l_hi": 95.04075759887695,
      "l_mean": 69.98794555664062,
      "c_std": 9.669363021850586,
      "h_mean": -1.200819730758667
    },
    "stage backdrop": {
      "frac": 0.0231,
      "mean_ab": [
        0.203362837433815,
        -0.7478521466255188
      ],
      "std_ab": [
        0.9563308358192444,
        2.4689366817474365
      ],
      "l_lo": 76.59204177856445,
      "l_hi": 100.0,
      "l_mean": 96.12718963623047,
      "c_std": 2.647681474685669,
      "h_mean": -1.30528724193573
    },
    "sky": {
      "frac": 0.0813,
      "mean_ab": [
        -0.5423353910446167,
        -0.5066073536872864
      ],
      "std_ab": [
        0.47184956073760986,
        0.6047152280807495
      ],
      "l_lo": 98.35133361816406,
      "l_hi": 99.92678833007812,
      "l_mean": 99.44708251953125,
      "c_std": 0.7670218348503113,
      "h_mean": -2.390242338180542
    },
    "neutral": {
      "frac": 0.7631,
      "mean_ab": [
        2.9979946613311768,
        -5.872522830963135
      ],
      "std_ab": [
        7.510538578033447,
        16.647842407226562
      ],
      "l_lo": 1.6658935546875,
      "l_hi": 99.90191650390625,
      "l_mean": 30.389524459838867,
      "c_std": 18.263593673706055,
      "h_mean": -1.0987743139266968
    }
  }
}