{
  "name": "smoke",
  "size": [
    1024,
    682
  ],
  "classes": {
    "clothing": {
      "frac": 0.0322,
      "mean_ab": [
        5.040266990661621,
        -2.3779234886169434
      ],
      "std_ab": [
        2.1950433254241943,
        2.434450149536133
      ],
      "l_lo": 59.912681579589844,
      "l_hi": 81.92414062499996,
      "l_mean": 75.15496063232422,
      "c_std": 3.2779204845428467,
      "h_mean": -0.4408220946788788
    },
    "screen": {
      "frac": 0.5427,
      "mean_ab": [
        -7.819359302520752,
        -21.482463836669922
      ],
      "std_ab": [
        10.069350242614746,
        12.013717651367188
      ],
      "l_lo": 50.44932983398438,
      "l_hi": 88.92083740234375,
      "l_mean": 78.69898223876953,
      "c_std": 15.675498008728027,
      "h_mean": -1.9198778867721558
    },
    "building": {
      "frac": 0.9144,
      "mean_ab": [
        -6.281454086303711,
        -17.77626609802246
      ],
      "std_ab": [
        8.197855949401855,
        11.48561954498291
      ],
      "l_lo": 19.343299865722656,
      "l_hi": 88.22377014160156,
      "l_mean": 74.38640594482422,
      "c_std": 14.111141204833984,
      "h_mean": -1.9104629755020142
    },
    "stage backdrop": {
      "frac": 0.175,
      "mean_ab": [
        -2.469877243041992,
        -6.414788722991943
      ],
      "std_ab": [
        1.014952540397644,
        1.1989431381225586
      ],
      "l_lo": 10.514772415161133,
      "l_hi": 84.05561065673828,
      "l_mean": 67.87580871582031,
      "c_std": 1.5708575248718262,
      "h_mean": -1.938330054283142
    },
    "floor": {
      "frac": 0.0164,
      "mean_ab": [
        -0.36130842566490173,
        -4.756502628326416
      ],
      "std_ab": [
        0.9113480448722839,
        1.1283947229385376
      ],
      "l_lo": 6.554283142089844,
      "l_hi": 43.6412313842772,
      "l_mean": 16.75494956970215,
      "c_std": 1.4504585266113281,
      "h_mean": -1.6466116905212402
    },
    "sky": {
      "frac": 0.0986,
      "mean_ab": [
        -8.28095817565918,
        -24.60129737854004
      ],
      "std_ab": [
        1.5610215663909912,
        2.2137796878814697
      ],
      "l_lo": 61.15924072265625,
      "l_hi": 78.48822021484375,
      "l_mean": 72.39537811279297,
      "c_std": 2.7088019847869873,
      "h_mean": -1.8954899311065674
    },
    "neutral": {
      "frac": 0.0393,
      "mean_ab": [
        1.3111258745193481,
        -3.3906404972076416
      ],
      "std_ab": [
        5.843382358551025,
        7.637908935546875
      ],
      "l_lo": 15.001726150512695,
      "l_hi": 87.3775863647461,
      "l_mean": 55.45553970336914,
      "c_std": 9.616796493530273,
      "h_mean": -1.2018166780471802
    }
  }
}