{
  "name": "stage_led_mixed",
  "size": [
    1024,
    682
  ],
  "classes": {
    "tree": {
      "frac": 0.3239,
      "mean_ab": [
        21.263111114501953,
        56.039405822753906
      ],
      "std_ab": [
        11.126273155212402,
        15.947569847106934
      ],
      "l_lo": 46.82774353027344,
      "l_hi": 97.33620544433593,
      "l_mean": 67.86416625976562,
      "c_std": 19.445280075073242,
      "h_mean": 1.2081462144851685
    },
    "sky backdrop": {
      "frac": 0.7677,
      "mean_ab": [
        29.791872024536133,
        66.84992218017578
      ],
      "std_ab": [
        8.016732215881348,
        10.966533660888672
      ],
      "l_lo": 28.206787109375,
      "l_hi": 86.4310073852539,
      "l_mean": 60.29506301879883,
      "c_std": 13.5842866897583,
      "h_mean": 1.1515631675720215
    },
    "building": {
      "frac": 0.0165,
      "mean_ab": [
        21.56707191467285,
        79.1289291381836
      ],
      "std_ab": [
        5.940913677215576,
        3.2279374599456787
      ],
      "l_lo": 68.31874084472656,
      "l_hi": 82.24238586425781,
      "l_mean": 75.61821746826172,
      "c_std": 6.761215686798096,
      "h_mean": 1.3047035932540894
    },
    "neutral": {
      "frac": 0.0154,
      "mean_ab": [
        19.406774520874023,
        65.5114974975586
      ],
      "std_ab": [
        15.642520904541016,
        17.518220901489258
      ],
      "l_lo": 23.648948669433594,
      "l_hi": 97.03955398559569,
      "l_mean": 69.08636474609375,
      "c_std": 23.485666275024414,
      "h_mean": 1.2827975749969482
    }
  }
}