{
  "name": "DAP00654",
  "size": [
    682,
    1024
  ],
  "classes": {
    "stage backdrop floor": {
      "frac": 0.1214,
      "mean_ab": [
        2.1732394695281982,
        -3.1610536575317383
      ],
      "std_ab": [
        1.6137313842773438,
        3.2581520080566406
      ],
      "l_lo": 29.526947021484375,
      "l_hi": 74.6577178955078,
      "l_mean": 50.214561462402344,
      "c_std": 3.6358883380889893,
      "h_mean": -0.9685057401657104
    },
    "wall flag": {
      "frac": 0.0352,
      "mean_ab": [
        4.343128681182861,
        9.903270721435547
      ],
      "std_ab": [
        11.335430145263672,
        7.100301742553711
      ],
      "l_lo": 42.75305328369141,
      "l_hi": 82.18027343750003,
      "l_mean": 67.8445053100586,
      "c_std": 13.375584602355957,
      "h_mean": 1.1575007438659668
    },
    "clothing": {
      "frac": 0.0221,
      "mean_ab": [
        0.705353856086731,
        1.8485416173934937
      ],
      "std_ab": [
        2.798675298690796,
        4.967592716217041
      ],
      "l_lo": 11.023771286010742,
      "l_hi": 91.27193069458008,
      "l_mean": 58.45866012573242,
      "c_std": 5.701715469360352,
      "h_mean": 1.2062753438949585
    },
    "sky": {
      "frac": 0.4769,
      "mean_ab": [
        0.9773045182228088,
        -1.926252007484436
      ],
      "std_ab": [
        0.40370917320251465,
        0.6212918162345886
      ],
      "l_lo": 86.90115356445312,
      "l_hi": 94.84687805175781,
      "l_mean": 93.26078796386719,
      "c_std": 0.7409349679946899,
      "h_mean": -1.101277470588684
    },
    "neutral": {
      "frac": 0.342,
      "mean_ab": [
        -3.3518691062927246,
        9.4417724609375
      ],
      "std_ab": [
        6.28591775894165,
        10.711557388305664
      ],
      "l_lo": 7.9822934722900385,
      "l_hi": 90.44038391113281,
      "l_mean": 33.919410705566406,
      "c_std": 12.419751167297363,
      "h_mean": 1.9119222164154053
    }
  }
}